{
    "name": "ui.progressbar",
    "title": "jQuery UI Progressbar",
    "description": "Displays a status indicator for loading state, standard percentage, and other progress indicators.",
    "keywords": [
    "ui",
    "progressbar",
    "determinate",
    "status"
    ],
    "version": "1.10.2",
    "author": {
        "name": "jQuery Foundation and other contributors",
        "url": "https://github.com/jquery/jquery-ui/blob/1.10.2/AUTHORS.txt"
    },
    "maintainers": [
    {
        "name": "Scott González",
        "email": "scott.gonzalez@gmail.com",
        "url": "http://scottgonzalez.com"
    },
    {
        "name": "Jörn Zaefferer",
        "email": "joern.zaefferer@gmail.com",
        "url": "http://bassistance.de"
    },
    {
        "name": "Kris Borchers",
        "email": "kris.borchers@gmail.com",
        "url": "http://krisborchers.com"
    },
    {
        "name": "Corey Frang",
        "email": "gnarf37@gmail.com",
        "url": "http://gnarf.net"
    },
    {
        "name": "Mike Sherov",
        "email": "mike.sherov@gmail.com",
        "url": "http://mike.sherov.com"
    },
    {
        "name": "TJ VanToll",
        "email": "tj.vantoll@gmail.com",
        "url": "http://tjvantoll.com"
    }
    ],
    "licenses": [
    {
        "type": "MIT",
        "url": "https://github.com/jquery/jquery-ui/blob/1.10.2/MIT-LICENSE.txt"
    }
    ],
    "bugs": "http://bugs.jqueryui.com/",
    "homepage": "http://jqueryui.com/progressbar/",
    "demo": "http://jqueryui.com/progressbar/",
    "docs": "http://api.jqueryui.com/progressbar/",
    "download": "http://jqueryui.com/download/",
    "dependencies": {
        "jquery": ">=1.6",
        "ui.core": "1.10.2",
        "ui.widget": "1.10.2"
    },
    "category": "widget"
}
